0‽La maison assassinée‽tt0095567‽Georges Lautner‽Crime, Drama, Mystery‽French‽6.8‽110 min‽N/A
0‽Prisoners of the Sun‽tt0496375‽Roger Christian‽Action, Adventure, Horror‽English‽3.7‽85 min‽N/A
0‽China Cry: A True Story‽tt0101578‽James F. Collier‽Biography, Drama, History‽English‽7‽101 min‽N/A
0‽Eating‽tt0099480‽Henry Jaglom‽Comedy, Drama‽English‽6.4‽110 min‽N/A
1‽Eating‽tt0099480‽Henry Jaglom‽Comedy, Drama‽English‽6.4‽110 min‽N/A
0‽The Killer‽tt0097202‽John Woo‽Action, Crime, Drama‽Cantonese, Mandarin, Japanese‽7.9‽111 min‽N/A
1‽The Killer‽tt0097202‽John Woo‽Action, Crime, Drama‽Cantonese, Mandarin, Japanese‽7.9‽111 min‽N/A
0‽Misplaced‽tt0100158‽Louis Yansen‽Drama‽English‽8.2‽98 min‽N/A
0‽Espérame en el cielo‽tt0092982‽Antonio Mercero‽Comedy‽Spanish‽7.3‽100 min‽N/A
0‽The Godfather: Part III‽tt0099674‽Francis Ford Coppola‽Crime, Drama‽English, Italian, German, Latin‽7.6‽162 min‽N/A
1‽The Godfather: Part III‽tt0099674‽Francis Ford Coppola‽Crime, Drama‽English, Italian, German, Latin‽7.6‽162 min‽N/A
2‽The Godfather: Part III‽tt0099674‽Francis Ford Coppola‽Crime, Drama‽English, Italian, German, Latin‽7.6‽162 min‽N/A
0‽Kindergarten Cop‽tt0099938‽Ivan Reitman‽Comedy, Crime‽English, Spanish‽6.1‽111 min‽N/A
1‽Kindergarten Cop‽tt0099938‽Ivan Reitman‽Comedy, Crime‽English, Spanish‽6.1‽111 min‽N/A
2‽Kindergarten Cop‽tt0099938‽Ivan Reitman‽Comedy, Crime‽English, Spanish‽6.1‽111 min‽N/A
0‽The Bonfire of the Vanities‽tt0099165‽Brian De Palma‽Comedy, Drama, Romance‽English‽5.5‽125 min‽N/A
1‽The Bonfire of the Vanities‽tt0099165‽Brian De Palma‽Comedy, Drama, Romance‽English‽5.5‽125 min‽N/A
0‽The Russia House‽tt0100530‽Fred Schepisi‽Drama, Romance, Thriller‽English, Russian‽6.1‽123 min‽N/A
1‽The Russia House‽tt0100530‽Fred Schepisi‽Drama, Romance, Thriller‽English, Russian‽6.1‽123 min‽N/A
0‽Almost an Angel‽tt0099018‽John Cornell‽Comedy, Drama‽English‽5.4‽95 min‽N/A
1‽Almost an Angel‽tt0099018‽John Cornell‽Comedy, Drama‽English‽5.4‽95 min‽N/A
0‽Mermaids‽tt0100140‽Richard Benjamin‽Comedy, Drama, Romance‽English‽6.6‽110 min‽N/A
1‽Mermaids‽tt0100140‽Richard Benjamin‽Comedy, Drama, Romance‽English‽6.6‽110 min‽N/A
2‽Mermaids‽tt0100140‽Richard Benjamin‽Comedy, Drama, Romance‽English‽6.6‽110 min‽N/A
0‽Look Who's Talking Too‽tt0100050‽Amy Heckerling‽Comedy, Family, Romance‽English‽4.5‽81 min‽N/A
1‽Look Who's Talking Too‽tt0100050‽Amy Heckerling‽Comedy, Family, Romance‽English‽4.5‽81 min‽N/A
0‽The Sheltering Sky‽tt0100594‽Bernardo Bertolucci‽Adventure, Drama‽English, French, Arabic‽6.8‽138 min‽N/A
1‽The Sheltering Sky‽tt0100594‽Bernardo Bertolucci‽Adventure, Drama‽English, French, Arabic‽6.8‽138 min‽N/A
0‽Havana‽tt0099747‽Sydney Pollack‽Drama, Romance, War‽English, Spanish‽6.1‽144 min‽N/A
1‽Havana‽tt0099747‽Sydney Pollack‽Drama, Romance, War‽English, Spanish‽6.1‽144 min‽N/A
0‽The Rookie‽tt0265662‽John Lee Hancock‽Drama, Family, Sport‽English‽7‽127 min‽$75,456,736
1‽The Rookie‽tt0265662‽John Lee Hancock‽Drama, Family, Sport‽English‽7‽127 min‽$75,456,736
2‽The Rookie‽tt0265662‽John Lee Hancock‽Drama, Family, Sport‽English‽7‽127 min‽$75,456,736
0‽Edward Scissorhands‽tt0099487‽Tim Burton‽Drama, Fantasy, Romance‽English‽7.9‽105 min‽N/A
1‽Edward Scissorhands‽tt0099487‽Tim Burton‽Drama, Fantasy, Romance‽English‽7.9‽105 min‽N/A
2‽Edward Scissorhands‽tt0099487‽Tim Burton‽Drama, Fantasy, Romance‽English‽7.9‽105 min‽N/A
0‽Company Business‽tt0101606‽Nicholas Meyer‽Action, Comedy, Crime‽English, Russian, French‽5.6‽98 min‽N/A
0‽Final Approach‽tt0929858‽Armand Mastroianni‽Action, Crime, Thriller‽English‽4.8‽240 min‽N/A
0‽Paper Mask‽tt0100330‽Christopher Morahan‽Drama, Thriller‽English‽6.8‽105 min‽N/A
0‽Close My Eyes‽tt0101595‽Stephen Poliakoff‽Drama, Romance‽English‽6.4‽108 min‽N/A
1‽Close My Eyes‽tt0101595‽Stephen Poliakoff‽Drama, Romance‽English‽6.4‽108 min‽N/A
0‽Daughters of the Dust‽tt0104057‽Julie Dash‽Drama, History, Romance‽English‽6.5‽112 min‽$7,232
1‽Daughters of the Dust‽tt0104057‽Julie Dash‽Drama, History, Romance‽English‽6.5‽112 min‽$7,232
2‽Daughters of the Dust‽tt0104057‽Julie Dash‽Drama, History, Romance‽English‽6.5‽112 min‽$7,232
0‽The Inner Circle‽tt0103838‽Andrey Konchalovskiy‽Drama‽English‽7.1‽137 min‽N/A
1‽The Inner Circle‽tt0103838‽Andrey Konchalovskiy‽Drama‽English‽7.1‽137 min‽N/A
0‽The Prince of Tides‽tt0102713‽Barbra Streisand‽Drama, Romance‽English‽6.7‽132 min‽N/A
1‽The Prince of Tides‽tt0102713‽Barbra Streisand‽Drama, Romance‽English‽6.7‽132 min‽N/A
2‽The Prince of Tides‽tt0102713‽Barbra Streisand‽Drama, Romance‽English‽6.7‽132 min‽N/A
0‽Until the End of the World‽tt0101458‽Wim Wenders‽Action, Drama, Sci-Fi, Thriller‽English, French, Italian, Japanese, German‽6.8‽158 min‽N/A
1‽Until the End of the World‽tt0101458‽Wim Wenders‽Action, Drama, Sci-Fi, Thriller‽English, French, Italian, Japanese, German‽6.8‽158 min‽N/A
0‽Father of the Bride‽tt0101862‽Charles Shyer‽Comedy, Family, Romance‽English‽6.5‽105 min‽N/A
1‽Father of the Bride‽tt0101862‽Charles Shyer‽Comedy, Family, Romance‽English‽6.5‽105 min‽N/A
2‽Father of the Bride‽tt0101862‽Charles Shyer‽Comedy, Family, Romance‽English‽6.5‽105 min‽N/A
0‽Bugsy‽tt0101516‽Barry Levinson‽Biography, Crime, Drama‽English‽6.8‽136 min‽N/A
1‽Bugsy‽tt0101516‽Barry Levinson‽Biography, Crime, Drama‽English‽6.8‽136 min‽N/A
2‽Bugsy‽tt0101516‽Barry Levinson‽Biography, Crime, Drama‽English‽6.8‽136 min‽N/A
0‽The Last Boy Scout‽tt0102266‽Tony Scott‽Action, Comedy, Crime, Thriller‽English‽7‽105 min‽N/A
1‽The Last Boy Scout‽tt0102266‽Tony Scott‽Action, Comedy, Crime, Thriller‽English‽7‽105 min‽N/A
2‽The Last Boy Scout‽tt0102266‽Tony Scott‽Action, Comedy, Crime, Thriller‽English‽7‽105 min‽N/A
0‽Hook‽tt0102057‽Steven Spielberg‽Adventure, Comedy, Family, Fantasy‽English‽6.7‽142 min‽N/A
1‽Hook‽tt0102057‽Steven Spielberg‽Adventure, Comedy, Family, Fantasy‽English‽6.7‽142 min‽N/A
2‽Hook‽tt0102057‽Steven Spielberg‽Adventure, Comedy, Family, Fantasy‽English‽6.7‽142 min‽N/A
0‽The Double Life of Veronique‽tt0101765‽Krzysztof Kieslowski‽Drama, Fantasy, Music‽French, Polish, Italian‽7.8‽98 min‽N/A
1‽The Double Life of Veronique‽tt0101765‽Krzysztof Kieslowski‽Drama, Fantasy, Music‽French, Polish, Italian‽7.8‽98 min‽N/A
2‽The Double Life of Veronique‽tt0101765‽Krzysztof Kieslowski‽Drama, Fantasy, Music‽French, Polish, Italian‽7.8‽98 min‽N/A
0‽Young Soul Rebels‽tt0103312‽Isaac Julien‽Drama, Music‽English‽5.9‽105 min‽N/A
0‽Star Trek VI: The Undiscovered Country‽tt0102975‽Nicholas Meyer‽Action, Adventure, Sci-Fi, Thriller‽English, Klingon‽7.2‽110 min‽N/A
1‽Star Trek VI: The Undiscovered Country‽tt0102975‽Nicholas Meyer‽Action, Adventure, Sci-Fi, Thriller‽English, Klingon‽7.2‽110 min‽N/A
2‽Star Trek VI: The Undiscovered Country‽tt0102975‽Nicholas Meyer‽Action, Adventure, Sci-Fi, Thriller‽English, Klingon‽7.2‽110 min‽N/A
0‽At Play in the Fields of the Lord‽tt0101373‽Hector Babenco‽Drama, Romance‽English‽6.8‽189 min‽N/A
1‽At Play in the Fields of the Lord‽tt0101373‽Hector Babenco‽Drama, Romance‽English‽6.8‽189 min‽N/A
0‽Kafka‽tt0102181‽Steven Soderbergh‽Drama, Mystery, Sci-Fi‽English‽6.9‽98 min‽N/A
1‽Kafka‽tt0102181‽Steven Soderbergh‽Drama, Mystery, Sci-Fi‽English‽6.9‽98 min‽N/A
0‽My Girl‽tt0102492‽Howard Zieff‽Comedy, Drama, Family, Romance‽English‽6.9‽102 min‽N/A
1‽My Girl‽tt0102492‽Howard Zieff‽Comedy, Drama, Family, Romance‽English‽6.9‽102 min‽N/A
2‽My Girl‽tt0102492‽Howard Zieff‽Comedy, Drama, Family, Romance‽English‽6.9‽102 min‽N/A
0‽For the Boys‽tt0101902‽Mark Rydell‽Comedy, Drama, Music‽English‽6.3‽138 min‽N/A
1‽For the Boys‽tt0101902‽Mark Rydell‽Comedy, Drama, Music‽English‽6.3‽138 min‽N/A
0‽Dingo‽tt0104109‽Rolf de Heer‽Drama, Music‽English‽6.9‽109 min‽N/A
0‽Herman‽tt0099764‽Erik Gustavson‽Drama, Family‽Norwegian‽6.1‽88 min‽N/A
0‽Vermont Is for Lovers‽tt0105737‽John O'Brien‽Comedy‽English‽7‽88 min‽N/A
0‽Trespass‽tt1674784‽Joel Schumacher‽Crime, Drama, Thriller‽English‽5.3‽91 min‽$16,816
1‽Trespass‽tt1674784‽Joel Schumacher‽Crime, Drama, Thriller‽English‽5.3‽91 min‽$16,816
2‽Trespass‽tt1674784‽Joel Schumacher‽Crime, Drama, Thriller‽English‽5.3‽91 min‽$16,816
0‽Peter's Friends‽tt0105130‽Kenneth Branagh‽Comedy, Drama, Romance‽English‽7‽101 min‽N/A
1‽Peter's Friends‽tt0105130‽Kenneth Branagh‽Comedy, Drama, Romance‽English‽7‽101 min‽N/A
0‽Hoffa‽tt0104427‽Danny DeVito‽Biography, Crime, Drama‽English, Italian, Latin‽6.6‽140 min‽N/A
1‽Hoffa‽tt0104427‽Danny DeVito‽Biography, Crime, Drama‽English, Italian, Latin‽6.6‽140 min‽N/A
2‽Hoffa‽tt0104427‽Danny DeVito‽Biography, Crime, Drama‽English, Italian, Latin‽6.6‽140 min‽N/A
0‽Indochine‽tt0104507‽Régis Wargnier‽Drama, Romance‽French, Vietnamese‽7.1‽159 min‽N/A
1‽Indochine‽tt0104507‽Régis Wargnier‽Drama, Romance‽French, Vietnamese‽7.1‽159 min‽N/A
0‽Toys‽tt0105629‽Barry Levinson‽Adventure, Comedy, Drama, Family, Fantasy‽English‽5‽118 min‽N/A
1‽Toys‽tt0105629‽Barry Levinson‽Adventure, Comedy, Drama, Family, Fantasy‽English‽5‽118 min‽N/A
2‽Toys‽tt0105629‽Barry Levinson‽Adventure, Comedy, Drama, Family, Fantasy‽English‽5‽118 min‽N/A
0‽Leap of Faith‽tt0104695‽Richard Pearce‽Comedy, Drama, Romance‽English‽6.1‽108 min‽N/A
1‽Leap of Faith‽tt0104695‽Richard Pearce‽Comedy, Drama, Romance‽English‽6.1‽108 min‽N/A
0‽Forever Young‽tt0104291‽Steve Miner‽Drama, Romance, Sci-Fi‽English‽6.3‽102 min‽N/A
1‽Forever Young‽tt0104291‽Steve Miner‽Drama, Romance, Sci-Fi‽English‽6.3‽102 min‽N/A
0‽Passion Fish‽tt0105107‽John Sayles‽Drama‽English‽7.5‽135 min‽N/A
1‽Passion Fish‽tt0105107‽John Sayles‽Drama‽English‽7.5‽135 min‽N/A
0‽A Few Good Men‽tt0104257‽Rob Reiner‽Drama, Thriller‽English, French‽7.7‽138 min‽N/A
1‽A Few Good Men‽tt0104257‽Rob Reiner‽Drama, Thriller‽English, French‽7.7‽138 min‽N/A
2‽A Few Good Men‽tt0104257‽Rob Reiner‽Drama, Thriller‽English, French‽7.7‽138 min‽N/A
0‽The Muppet Christmas Carol‽tt0104940‽Brian Henson‽Comedy, Drama, Family, Fantasy, Musical‽English‽7.7‽85 min‽N/A
1‽The Muppet Christmas Carol‽tt0104940‽Brian Henson‽Comedy, Drama, Family, Fantasy, Musical‽English‽7.7‽85 min‽N/A
2‽The Muppet Christmas Carol‽tt0104940‽Brian Henson‽Comedy, Drama, Family, Fantasy, Musical‽English‽7.7‽85 min‽N/A
0‽The Distinguished Gentleman‽tt0104114‽Jonathan Lynn‽Comedy, Crime‽English‽5.9‽112 min‽N/A
1‽The Distinguished Gentleman‽tt0104114‽Jonathan Lynn‽Comedy, Crime‽English‽5.9‽112 min‽N/A
2‽The Distinguished Gentleman‽tt0104114‽Jonathan Lynn‽Comedy, Crime‽English‽5.9‽112 min‽N/A
0‽The Bodyguard‽tt0103855‽Mick Jackson‽Drama, Music, Romance, Thriller‽English‽6.2‽129 min‽N/A
1‽The Bodyguard‽tt0103855‽Mick Jackson‽Drama, Music, Romance, Thriller‽English‽6.2‽129 min‽N/A
2‽The Bodyguard‽tt0103855‽Mick Jackson‽Drama, Music, Romance, Thriller‽English‽6.2‽129 min‽N/A
0‽Home Alone 2: Lost in New York‽tt0104431‽Chris Columbus‽Adventure, Comedy, Family‽English, French‽6.7‽120 min‽N/A
1‽Home Alone 2: Lost in New York‽tt0104431‽Chris Columbus‽Adventure, Comedy, Family‽English, French‽6.7‽120 min‽N/A
0‽Malcolm X‽tt0104797‽Spike Lee‽Biography, Drama, History‽English‽7.7‽202 min‽N/A
1‽Malcolm X‽tt0104797‽Spike Lee‽Biography, Drama, History‽English‽7.7‽202 min‽N/A
2‽Malcolm X‽tt0104797‽Spike Lee‽Biography, Drama, History‽English‽7.7‽202 min‽N/A
0‽Bram Stoker's Dracula‽tt0103874‽Francis Ford Coppola‽Horror‽English, Romanian, Greek, Bulgarian, Latin‽7.5‽128 min‽N/A
1‽Bram Stoker's Dracula‽tt0103874‽Francis Ford Coppola‽Horror‽English, Romanian, Greek, Bulgarian, Latin‽7.5‽128 min‽N/A
2‽Bram Stoker's Dracula‽tt0103874‽Francis Ford Coppola‽Horror‽English, Romanian, Greek, Bulgarian, Latin‽7.5‽128 min‽N/A
0‽The Thing Called Love‽tt0108327‽Peter Bogdanovich‽Comedy, Drama, Music‽English‽6.3‽116 min‽N/A
1‽The Thing Called Love‽tt0108327‽Peter Bogdanovich‽Comedy, Drama, Music‽English‽6.3‽116 min‽N/A
0‽Thirty Two Short Films About Glenn Gould‽tt0108328‽François Girard‽Biography, Drama, Music‽English, French‽7.5‽98 min‽N/A
1‽Thirty Two Short Films About Glenn Gould‽tt0108328‽François Girard‽Biography, Drama, Music‽English, French‽7.5‽98 min‽N/A
0‽Sankofa‽tt0108041‽Haile Gerima‽Drama‽English‽7.1‽125 min‽N/A
1‽Sankofa‽tt0108041‽Haile Gerima‽Drama‽English‽7.1‽125 min‽N/A
0‽Ghost in the Machine‽tt0107009‽Rachel Talalay‽Horror, Sci-Fi, Thriller‽English‽4.4‽95 min‽N/A
1‽Ghost in the Machine‽tt0107009‽Rachel Talalay‽Horror, Sci-Fi, Thriller‽English‽4.4‽95 min‽N/A
0‽Batman: Mask of the Phantasm‽tt0106364‽Eric Radomski, Bruce Timm, Kevin Altieri, Boyd Kirkland, Frank Paur, Dan Riba‽Animation, Action, Adventure‽English‽7.9‽76 min‽N/A
1‽Batman: Mask of the Phantasm‽tt0106364‽Eric Radomski, Bruce Timm, Kevin Altieri, Boyd Kirkland, Frank Paur, Dan Riba‽Animation, Action, Adventure‽English‽7.9‽76 min‽N/A
0‽Tombstone‽tt0108358‽George P. Cosmatos, Kevin Jarre‽Action, Biography, Drama‽English, Latin‽7.8‽130 min‽N/A
1‽Tombstone‽tt0108358‽George P. Cosmatos, Kevin Jarre‽Action, Biography, Drama‽English, Latin‽7.8‽130 min‽N/A
2‽Tombstone‽tt0108358‽George P. Cosmatos, Kevin Jarre‽Action, Biography, Drama‽English, Latin‽7.8‽130 min‽N/A
0‽Grumpy Old Men‽tt0107050‽Donald Petrie‽Comedy, Drama, Romance‽English‽7‽103 min‽N/A
1‽Grumpy Old Men‽tt0107050‽Donald Petrie‽Comedy, Drama, Romance‽English‽7‽103 min‽N/A
2‽Grumpy Old Men‽tt0107050‽Donald Petrie‽Comedy, Drama, Romance‽English‽7‽103 min‽N/A
0‽The Accompanist‽tt0103616‽Claude Miller‽Drama, Music, Romance‽French‽7‽102 min‽N/A
1‽The Accompanist‽tt0103616‽Claude Miller‽Drama, Music, Romance‽French‽7‽102 min‽N/A
0‽Faraway, So Close!‽tt0107209‽Wim Wenders‽Drama, Fantasy, Romance‽German, French, English, Italian, Russian‽7.3‽140 min‽N/A
0‽The Summer House‽tt0918631‽Daisy Gili‽Short, Drama‽English‽6.1‽12 min‽N/A
1‽The Summer House‽tt0918631‽Daisy Gili‽Short, Drama‽English‽6.1‽12 min‽N/A
0‽Wrestling Ernest Hemingway‽tt0108596‽Randa Haines‽Drama, Romance‽English‽7.1‽123 min‽N/A
1‽Wrestling Ernest Hemingway‽tt0108596‽Randa Haines‽Drama, Romance‽English‽7.1‽123 min‽N/A
0‽The Pelican Brief‽tt0107798‽Alan J. Pakula‽Crime, Drama, Mystery‽English‽6.6‽141 min‽N/A
1‽The Pelican Brief‽tt0107798‽Alan J. Pakula‽Crime, Drama, Mystery‽English‽6.6‽141 min‽N/A
2‽The Pelican Brief‽tt0107798‽Alan J. Pakula‽Crime, Drama, Mystery‽English‽6.6‽141 min‽N/A
0‽Beethoven's 2nd‽tt0106375‽Rod Daniel‽Comedy, Family, Romance‽English‽4.8‽89 min‽N/A
1‽Beethoven's 2nd‽tt0106375‽Rod Daniel‽Comedy, Family, Romance‽English‽4.8‽89 min‽N/A
0‽Wayne's World 2‽tt0108525‽Stephen Surjik‽Comedy, Music‽English, Cantonese‽6.2‽95 min‽N/A
1‽Wayne's World 2‽tt0108525‽Stephen Surjik‽Comedy, Music‽English, Cantonese‽6.2‽95 min‽N/A
2‽Wayne's World 2‽tt0108525‽Stephen Surjik‽Comedy, Music‽English, Cantonese‽6.2‽95 min‽N/A
0‽Sister Act 2: Back in the Habit‽tt0108147‽Bill Duke‽Comedy, Family, Music‽English‽5.5‽107 min‽N/A
1‽Sister Act 2: Back in the Habit‽tt0108147‽Bill Duke‽Comedy, Family, Music‽English‽5.5‽107 min‽N/A
0‽The Hawk‽tt0107088‽David Hayman‽Drama, Thriller‽English‽5.5‽88 min‽N/A
0‽Geronimo: An American Legend‽tt0107004‽Walter Hill‽Drama, History, Western‽English‽6.5‽115 min‽N/A
1‽Geronimo: An American Legend‽tt0107004‽Walter Hill‽Drama, History, Western‽English‽6.5‽115 min‽N/A
0‽Bank Robber‽tt0106353‽Nick Mead‽Comedy, Crime, Romance‽English‽4.3‽91 min‽N/A
0‽Six Degrees of Separation‽tt0108149‽Fred Schepisi‽Comedy, Drama, Mystery‽English‽6.9‽112 min‽N/A
1‽Six Degrees of Separation‽tt0108149‽Fred Schepisi‽Comedy, Drama, Mystery‽English‽6.9‽112 min‽N/A
2‽Six Degrees of Separation‽tt0108149‽Fred Schepisi‽Comedy, Drama, Mystery‽English‽6.9‽112 min‽N/A
0‽A Dangerous Woman‽tt0106661‽Stephen Gyllenhaal‽Drama, Romance‽English‽5.9‽102 min‽N/A
1‽A Dangerous Woman‽tt0106661‽Stephen Gyllenhaal‽Drama, Romance‽English‽5.9‽102 min‽N/A
0‽Traps‽tt0145334‽Vera Chytilová‽Drama, Comedy‽Czech‽6.3‽124 min‽N/A
0‽The November Men‽tt0107709‽Paul Williams‽Thriller, Drama‽English‽6.8‽98 min‽N/A
0‽Dead Beat‽tt0109563‽Adam Dubov‽Thriller‽English‽5.6‽93 min‽N/A
0‽Heaven's a Drag‽tt0111440‽Peter Mackenzie Litten‽Comedy, Drama, Romance‽English‽4.9‽101 min‽N/A
0‽Arizona Dream‽tt0106307‽Emir Kusturica‽Comedy, Drama, Fantasy‽English, Spanish, Inuktitut‽7.4‽142 min‽N/A
1‽Arizona Dream‽tt0106307‽Emir Kusturica‽Comedy, Drama, Fantasy‽English, Spanish, Inuktitut‽7.4‽142 min‽N/A
0‽The Madness of King George‽tt0110428‽Nicholas Hytner‽Biography, Comedy, Drama‽English‽7.2‽110 min‽N/A
1‽The Madness of King George‽tt0110428‽Nicholas Hytner‽Biography, Comedy, Drama‽English‽7.2‽110 min‽N/A
2‽The Madness of King George‽tt0110428‽Nicholas Hytner‽Biography, Comedy, Drama‽English‽7.2‽110 min‽N/A
0‽Street Fighter‽tt0111301‽Steven E. de Souza‽Action, Adventure, Comedy‽English, Japanese, Esperanto‽3.8‽102 min‽N/A
1‽Street Fighter‽tt0111301‽Steven E. de Souza‽Action, Adventure, Comedy‽English, Japanese, Esperanto‽3.8‽102 min‽N/A
0‽I.Q.‽tt0110099‽Fred Schepisi‽Comedy, Romance‽English, German‽6.2‽100 min‽N/A
1‽I.Q.‽tt0110099‽Fred Schepisi‽Comedy, Romance‽English, German‽6.2‽100 min‽N/A
2‽I.Q.‽tt0110099‽Fred Schepisi‽Comedy, Romance‽English, German‽6.2‽100 min‽N/A
0‽Little Women‽tt0110367‽Gillian Armstrong‽Drama, Family, Romance‽English, German, French‽7.3‽115 min‽N/A
1‽Little Women‽tt0110367‽Gillian Armstrong‽Drama, Family, Romance‽English, German, French‽7.3‽115 min‽N/A
0‽Mixed Nuts‽tt0110538‽Nora Ephron‽Comedy, Drama‽English‽5.4‽97 min‽N/A
1‽Mixed Nuts‽tt0110538‽Nora Ephron‽Comedy, Drama‽English‽5.4‽97 min‽N/A
2‽Mixed Nuts‽tt0110538‽Nora Ephron‽Comedy, Drama‽English‽5.4‽97 min‽N/A
0‽Dumb and Dumber‽tt0109686‽Peter Farrelly, Bobby Farrelly‽Comedy‽English, Swedish, German‽7.3‽107 min‽N/A
1‽Dumb and Dumber‽tt0109686‽Peter Farrelly, Bobby Farrelly‽Comedy‽English, Swedish, German‽7.3‽107 min‽N/A
2‽Dumb and Dumber‽tt0109686‽Peter Farrelly, Bobby Farrelly‽Comedy‽English, Swedish, German‽7.3‽107 min‽N/A
0‽Camilla‽tt0109368‽Deepa Mehta‽Drama‽English‽6.1‽95 min‽N/A
1‽Camilla‽tt0109368‽Deepa Mehta‽Drama‽English‽6.1‽95 min‽N/A
0‽Nell‽tt0110638‽Michael Apted‽Drama‽English‽6.5‽112 min‽N/A
1‽Nell‽tt0110638‽Michael Apted‽Drama‽English‽6.5‽112 min‽N/A
0‽Queen Margot‽tt0110963‽Patrice Chéreau‽Biography, Drama, History‽French, Italian‽7.5‽159 min‽N/A
1‽Queen Margot‽tt0110963‽Patrice Chéreau‽Biography, Drama, History‽French, Italian‽7.5‽159 min‽N/A
0‽Drop Zone‽tt0109676‽John Badham‽Action, Adventure, Thriller‽English‽5.6‽101 min‽N/A
1‽Drop Zone‽tt0109676‽John Badham‽Action, Adventure, Thriller‽English‽5.6‽101 min‽N/A
0‽Disclosure‽tt0109635‽Barry Levinson‽Drama, Thriller‽English‽6.1‽128 min‽N/A
1‽Disclosure‽tt0109635‽Barry Levinson‽Drama, Thriller‽English‽6.1‽128 min‽N/A
2‽Disclosure‽tt0109635‽Barry Levinson‽Drama, Thriller‽English‽6.1‽128 min‽N/A
0‽The Thief and the Cobbler‽tt0112389‽Richard Williams‽Animation, Action, Adventure‽English‽7.1‽90 min‽N/A
1‽The Thief and the Cobbler‽tt0112389‽Richard Williams‽Animation, Action, Adventure‽English‽7.1‽90 min‽N/A
0‽71 Fragments of a Chronology of Chance‽tt0109020‽Michael Haneke‽Drama‽German, Romanian, English‽7.3‽100 min‽N/A
1‽71 Fragments of a Chronology of Chance‽tt0109020‽Michael Haneke‽Drama‽German, Romanian, English‽7.3‽100 min‽N/A
2‽71 Fragments of a Chronology of Chance‽tt0109020‽Michael Haneke‽Drama‽German, Romanian, English‽7.3‽100 min‽N/A
0‽Frank‽tt1605717‽Lenny Abrahamson‽Comedy, Drama, Music‽English, French, German‽7‽95 min‽N/A
1‽Frank‽tt1605717‽Lenny Abrahamson‽Comedy, Drama, Music‽English, French, German‽7‽95 min‽N/A
2‽Frank‽tt1605717‽Lenny Abrahamson‽Comedy, Drama, Music‽English, French, German‽7‽95 min‽N/A
0‽Troublesome Creek: A Midwestern‽tt1614420‽Steven Ascher, Jeanne Jordan‽Documentary‽English‽7‽88 min‽N/A
1‽Troublesome Creek: A Midwestern‽tt1614420‽Steven Ascher, Jeanne Jordan‽Documentary‽English‽7‽88 min‽N/A
0‽Champagne Safari‽tt0044493‽Jackson Leighter‽Documentary‽English‽7.2‽60 min‽N/A
0‽The Horseman on the Roof‽tt0113362‽Jean-Paul Rappeneau‽Adventure, Drama, Romance‽French, Italian‽7.1‽118 min‽N/A
1‽The Horseman on the Roof‽tt0113362‽Jean-Paul Rappeneau‽Adventure, Drama, Romance‽French, Italian‽7.1‽118 min‽N/A
0‽Richard III‽tt0114279‽Richard Loncraine‽Drama, Sci-Fi, War‽English‽7.5‽110 min‽N/A
1‽Richard III‽tt0114279‽Richard Loncraine‽Drama, Sci-Fi, War‽English‽7.5‽110 min‽N/A
0‽Delta of Venus‽tt0109593‽Zalman King‽Drama‽English‽4.5‽102 min‽N/A
1‽Delta of Venus‽tt0109593‽Zalman King‽Drama‽English‽4.5‽102 min‽N/A
0‽Nico Icon‽tt0113973‽Susanne Ofteringer‽Documentary, Biography, Music‽English, German‽7.3‽67 min‽N/A
1‽Nico Icon‽tt0113973‽Susanne Ofteringer‽Documentary, Biography, Music‽English, German‽7.3‽67 min‽N/A
0‽Four Rooms‽tt0113101‽Allison Anders, Alexandre Rockwell, Robert Rodriguez, Quentin Tarantino‽Comedy‽English‽6.7‽98 min‽N/A
1‽Four Rooms‽tt0113101‽Allison Anders, Alexandre Rockwell, Robert Rodriguez, Quentin Tarantino‽Comedy‽English‽6.7‽98 min‽N/A
0‽Waiting to Exhale‽tt0114885‽Forest Whitaker‽Comedy, Drama, Romance‽English‽5.8‽124 min‽N/A
1‽Waiting to Exhale‽tt0114885‽Forest Whitaker‽Comedy, Drama, Romance‽English‽5.8‽124 min‽N/A
0‽Sudden Death‽tt0114576‽Peter Hyams‽Action, Crime, Thriller‽English‽5.7‽111 min‽N/A
1‽Sudden Death‽tt0114576‽Peter Hyams‽Action, Crime, Thriller‽English‽5.7‽111 min‽N/A
0‽Grumpier Old Men‽tt0113228‽Howard Deutch‽Comedy, Romance‽English, Italian, German‽6.6‽101 min‽N/A
1‽Grumpier Old Men‽tt0113228‽Howard Deutch‽Comedy, Romance‽English, Italian, German‽6.6‽101 min‽N/A
2‽Grumpier Old Men‽tt0113228‽Howard Deutch‽Comedy, Romance‽English, Italian, German‽6.6‽101 min‽N/A
0‽Dracula: Dead and Loving It‽tt0112896‽Mel Brooks‽Comedy, Fantasy, Horror‽English, German‽5.8‽88 min‽N/A
1‽Dracula: Dead and Loving It‽tt0112896‽Mel Brooks‽Comedy, Fantasy, Horror‽English, German‽5.8‽88 min‽N/A
0‽Cutthroat Island‽tt0112760‽Renny Harlin‽Action, Adventure, Comedy‽English‽5.6‽124 min‽N/A
1‽Cutthroat Island‽tt0112760‽Renny Harlin‽Action, Adventure, Comedy‽English‽5.6‽124 min‽N/A
2‽Cutthroat Island‽tt0112760‽Renny Harlin‽Action, Adventure, Comedy‽English‽5.6‽124 min‽N/A
0‽Balto‽tt0112453‽Simon Wells‽Animation, Adventure, Drama‽English‽7.1‽78 min‽N/A
1‽Balto‽tt0112453‽Simon Wells‽Animation, Adventure, Drama‽English‽7.1‽78 min‽N/A
0‽Tom and Huck‽tt0112302‽Peter Hewitt‽Adventure, Comedy, Drama‽English‽5.6‽97 min‽N/A
1‽Tom and Huck‽tt0112302‽Peter Hewitt‽Adventure, Comedy, Drama‽English‽5.6‽97 min‽N/A
0‽Jumanji‽tt0113497‽Joe Johnston‽Adventure, Family, Fantasy‽English, French‽6.9‽104 min‽N/A
1‽Jumanji‽tt0113497‽Joe Johnston‽Adventure, Family, Fantasy‽English, French‽6.9‽104 min‽N/A
2‽Jumanji‽tt0113497‽Joe Johnston‽Adventure, Family, Fantasy‽English, French‽6.9‽104 min‽N/A
0‽Heat‽tt0113277‽Michael Mann‽Crime, Drama, Thriller‽English, Spanish‽8.2‽170 min‽N/A
1‽Heat‽tt0113277‽Michael Mann‽Crime, Drama, Thriller‽English, Spanish‽8.2‽170 min‽N/A
2‽Heat‽tt0113277‽Michael Mann‽Crime, Drama, Thriller‽English, Spanish‽8.2‽170 min‽N/A
0‽Cry, the Beloved Country‽tt0112749‽Darrell Roodt‽Drama, Thriller‽English‽6.9‽106 min‽N/A
1‽Cry, the Beloved Country‽tt0112749‽Darrell Roodt‽Drama, Thriller‽English‽6.9‽106 min‽N/A
2‽Cry, the Beloved Country‽tt0112749‽Darrell Roodt‽Drama, Thriller‽English‽6.9‽106 min‽N/A
0‽Leaving Las Vegas‽tt0113627‽Mike Figgis‽Drama, Romance‽English, Russian‽7.5‽111 min‽N/A
1‽Leaving Las Vegas‽tt0113627‽Mike Figgis‽Drama, Romance‽English, Russian‽7.5‽111 min‽N/A
2‽Leaving Las Vegas‽tt0113627‽Mike Figgis‽Drama, Romance‽English, Russian‽7.5‽111 min‽N/A
0‽Hard Core Logo‽tt0116488‽Bruce McDonald‽Comedy, Drama, Music‽English, German‽7.4‽92 min‽N/A
1‽Hard Core Logo‽tt0116488‽Bruce McDonald‽Comedy, Drama, Music‽English, German‽7.4‽92 min‽N/A
0‽Cannibal! The Musical‽tt0115819‽Trey Parker‽Biography, Comedy, Musical‽English, Japanese‽7.2‽95 min‽N/A
1‽Cannibal! The Musical‽tt0115819‽Trey Parker‽Biography, Comedy, Musical‽English, Japanese‽7.2‽95 min‽N/A
0‽Talk to Me‽tt0796368‽Kasi Lemmons‽Biography, Drama, History‽English‽7.4‽118 min‽$4,436,352
1‽Talk to Me‽tt0796368‽Kasi Lemmons‽Biography, Drama, History‽English‽7.4‽118 min‽$4,436,352
2‽Talk to Me‽tt0796368‽Kasi Lemmons‽Biography, Drama, History‽English‽7.4‽118 min‽$4,436,352
0‽My Mother's Courage‽tt0117117‽Michael Verhoeven‽Drama, War‽English, German‽6.9‽89 min‽N/A
0‽The Bloody Child‽tt0115715‽Nina Menkes‽Crime, Drama‽English‽3.9‽85 min‽N/A
0‽Sleepover‽tt0368975‽Joe Nussbaum‽Comedy, Family, Romance‽English‽5.4‽89 min‽$8,070,311
1‽Sleepover‽tt0368975‽Joe Nussbaum‽Comedy, Family, Romance‽English‽5.4‽89 min‽$8,070,311
2‽Sleepover‽tt0368975‽Joe Nussbaum‽Comedy, Family, Romance‽English‽5.4‽89 min‽$8,070,311
0‽Margaret's Museum‽tt0113774‽Mort Ransen‽Drama‽English, Scottish Gaelic, Cantonese‽7.3‽114 min‽N/A
1‽Margaret's Museum‽tt0113774‽Mort Ransen‽Drama‽English, Scottish Gaelic, Cantonese‽7.3‽114 min‽N/A
0‽Nightjohn‽tt0117180‽Charles Burnett‽Drama‽English‽6.8‽92 min‽N/A
0‽The Whole Wide World‽tt0118163‽Dan Ireland‽Biography, Drama, Romance‽English‽7.3‽111 min‽N/A
1‽The Whole Wide World‽tt0118163‽Dan Ireland‽Biography, Drama, Romance‽English‽7.3‽111 min‽N/A
0‽Some Mother's Son‽tt0117690‽Terry George‽Drama, History‽English, Irish‽7.3‽112 min‽N/A
1‽Some Mother's Son‽tt0117690‽Terry George‽Drama, History‽English, Irish‽7.3‽112 min‽N/A
0‽I'm Not Rappaport‽tt0116601‽Herb Gardner‽Comedy‽English‽6.6‽135 min‽N/A
1‽I'm Not Rappaport‽tt0116601‽Herb Gardner‽Comedy‽English‽6.6‽135 min‽N/A
0‽Hamlet‽tt0116477‽Kenneth Branagh‽Drama‽English‽7.8‽242 min‽N/A
1‽Hamlet‽tt0116477‽Kenneth Branagh‽Drama‽English‽7.8‽242 min‽N/A
0‽The Evening Star‽tt0116240‽Robert Harling‽Comedy, Drama, Romance‽English‽5.8‽129 min‽N/A
1‽The Evening Star‽tt0116240‽Robert Harling‽Comedy, Drama, Romance‽English‽5.8‽129 min‽N/A
0‽Michael‽tt0117038‽Nora Ephron‽Comedy, Drama, Fantasy‽English, Portuguese‽5.7‽105 min‽N/A
1‽Michael‽tt0117038‽Nora Ephron‽Comedy, Drama, Fantasy‽English, Portuguese‽5.7‽105 min‽N/A
2‽Michael‽tt0117038‽Nora Ephron‽Comedy, Drama, Fantasy‽English, Portuguese‽5.7‽105 min‽N/A
0‽La Cérémonie‽tt0112769‽Claude Chabrol‽Crime, Drama, Mystery, Thriller‽French‽7.6‽112 min‽N/A
1‽La Cérémonie‽tt0112769‽Claude Chabrol‽Crime, Drama, Mystery, Thriller‽French‽7.6‽112 min‽N/A
0‽Scream‽tt0117571‽Wes Craven‽Horror, Mystery‽English‽7.2‽111 min‽N/A
1‽Scream‽tt0117571‽Wes Craven‽Horror, Mystery‽English‽7.2‽111 min‽N/A
2‽Scream‽tt0117571‽Wes Craven‽Horror, Mystery‽English‽7.2‽111 min‽N/A
0‽One Fine Day‽tt0117247‽Michael Hoffman‽Comedy, Drama, Romance‽English, Spanish‽6.5‽108 min‽N/A
1‽One Fine Day‽tt0117247‽Michael Hoffman‽Comedy, Drama, Romance‽English, Spanish‽6.5‽108 min‽N/A
0‽My Fellow Americans‽tt0117119‽Peter Segal‽Adventure, Comedy‽English, Spanish‽6.5‽101 min‽N/A
1‽My Fellow Americans‽tt0117119‽Peter Segal‽Adventure, Comedy‽English, Spanish‽6.5‽101 min‽N/A
2‽My Fellow Americans‽tt0117119‽Peter Segal‽Adventure, Comedy‽English, Spanish‽6.5‽101 min‽N/A
0‽Beavis and Butt-Head Do America‽tt0115641‽Mike Judge, Mike de Seve, Brian Mulroney, Yvette Kaplan‽Animation, Adventure, Comedy‽English, Spanish, Hindi‽6.8‽81 min‽N/A
1‽Beavis and Butt-Head Do America‽tt0115641‽Mike Judge, Mike de Seve, Brian Mulroney, Yvette Kaplan‽Animation, Adventure, Comedy‽English, Spanish, Hindi‽6.8‽81 min‽N/A
2‽Beavis and Butt-Head Do America‽tt0115641‽Mike Judge, Mike de Seve, Brian Mulroney, Yvette Kaplan‽Animation, Adventure, Comedy‽English, Spanish, Hindi‽6.8‽81 min‽N/A
0‽Carla's Song‽tt0115832‽Ken Loach‽Drama, Romance, War‽English, Spanish‽6.8‽127 min‽N/A
1‽Carla's Song‽tt0115832‽Ken Loach‽Drama, Romance, War‽English, Spanish‽6.8‽127 min‽N/A
0‽The Hanging Garden‽tt0125128‽Thom Fitzgerald‽Drama, Romance‽English‽7.1‽91 min‽N/A
1‽The Hanging Garden‽tt0125128‽Thom Fitzgerald‽Drama, Romance‽English‽7.1‽91 min‽N/A
0‽Oscar and Lucinda‽tt0119843‽Gillian Armstrong‽Drama, Romance‽English, French‽6.7‽132 min‽N/A
1‽Oscar and Lucinda‽tt0119843‽Gillian Armstrong‽Drama, Romance‽English, French‽6.7‽132 min‽N/A
2‽Oscar and Lucinda‽tt0119843‽Gillian Armstrong‽Drama, Romance‽English, French‽6.7‽132 min‽N/A
0‽An American Werewolf in Paris‽tt0118604‽Anthony Waller‽Comedy, Fantasy, Horror‽English, French, German‽5.1‽105 min‽N/A
1‽An American Werewolf in Paris‽tt0118604‽Anthony Waller‽Comedy, Fantasy, Horror‽English, French, German‽5.1‽105 min‽N/A
2‽An American Werewolf in Paris‽tt0118604‽Anthony Waller‽Comedy, Fantasy, Horror‽English, French, German‽5.1‽105 min‽N/A
0‽The Postman‽tt0119925‽Kevin Costner‽Action, Adventure, Drama‽English‽6‽177 min‽N/A
1‽The Postman‽tt0119925‽Kevin Costner‽Action, Adventure, Drama‽English‽6‽177 min‽N/A
2‽The Postman‽tt0119925‽Kevin Costner‽Action, Adventure, Drama‽English‽6‽177 min‽N/A
0‽Mr. Magoo‽tt0119718‽Stanley Tong‽Adventure, Comedy, Family‽English‽3.9‽87 min‽N/A
1‽Mr. Magoo‽tt0119718‽Stanley Tong‽Adventure, Comedy, Family‽English‽3.9‽87 min‽N/A
2‽Mr. Magoo‽tt0119718‽Stanley Tong‽Adventure, Comedy, Family‽English‽3.9‽87 min‽N/A
0‽Jackie Brown‽tt0119396‽Quentin Tarantino‽Crime, Drama, Thriller‽English‽7.5‽154 min‽N/A
1‽Jackie Brown‽tt0119396‽Quentin Tarantino‽Crime, Drama, Thriller‽English‽7.5‽154 min‽N/A
2‽Jackie Brown‽tt0119396‽Quentin Tarantino‽Crime, Drama, Thriller‽English‽7.5‽154 min‽N/A
0‽As Good as It Gets‽tt0119822‽James L. Brooks‽Comedy, Drama, Romance‽English‽7.7‽139 min‽N/A
1‽As Good as It Gets‽tt0119822‽James L. Brooks‽Comedy, Drama, Romance‽English‽7.7‽139 min‽N/A
2‽As Good as It Gets‽tt0119822‽James L. Brooks‽Comedy, Drama, Romance‽English‽7.7‽139 min‽N/A
0‽The Winter Guest‽tt0120521‽Alan Rickman‽Drama‽English‽7.1‽108 min‽N/A
1‽The Winter Guest‽tt0120521‽Alan Rickman‽Drama‽English‽7.1‽108 min‽N/A
0‽Titanic‽tt0120338‽James Cameron‽Drama, Romance‽English, Swedish‽7.8‽194 min‽N/A
1‽Titanic‽tt0120338‽James Cameron‽Drama, Romance‽English, Swedish‽7.8‽194 min‽N/A
2‽Titanic‽tt0120338‽James Cameron‽Drama, Romance‽English, Swedish‽7.8‽194 min‽N/A
0‽Tomorrow Never Dies‽tt0120347‽Roger Spottiswoode‽Action, Adventure, Thriller‽English, German, Danish, Mandarin, Cantonese‽6.5‽119 min‽N/A
1‽Tomorrow Never Dies‽tt0120347‽Roger Spottiswoode‽Action, Adventure, Thriller‽English, German, Danish, Mandarin, Cantonese‽6.5‽119 min‽N/A
2‽Tomorrow Never Dies‽tt0120347‽Roger Spottiswoode‽Action, Adventure, Thriller‽English, German, Danish, Mandarin, Cantonese‽6.5‽119 min‽N/A
0‽Will It Snow for Christmas?‽tt0118201‽Sandrine Veysset‽Drama‽French‽7.1‽90 min‽N/A
0‽Scream 2‽tt0120082‽Wes Craven‽Horror, Mystery‽English‽6.1‽120 min‽N/A
1‽Scream 2‽tt0120082‽Wes Craven‽Horror, Mystery‽English‽6.1‽120 min‽N/A
2‽Scream 2‽tt0120082‽Wes Craven‽Horror, Mystery‽English‽6.1‽120 min‽N/A
0‽Hugo Pool‽tt0119327‽Robert Downey Sr.‽Comedy, Romance‽English‽5.2‽92 min‽N/A
1‽Hugo Pool‽tt0119327‽Robert Downey Sr.‽Comedy, Romance‽English‽5.2‽92 min‽N/A
0‽Home Alone 3‽tt0119303‽Raja Gosnell‽Comedy, Crime, Family‽English, Polish‽4.4‽102 min‽N/A
1‽Home Alone 3‽tt0119303‽Raja Gosnell‽Comedy, Crime, Family‽English, Polish‽4.4‽102 min‽N/A
0‽For Richer or Poorer‽tt0119142‽Bryan Spicer‽Comedy‽English‽5.7‽115 min‽N/A
1‽For Richer or Poorer‽tt0119142‽Bryan Spicer‽Comedy‽English‽5.7‽115 min‽N/A
0‽Amistad‽tt0118607‽Steven Spielberg‽Drama, History‽English, Mende, Spanish, Portuguese‽7.3‽155 min‽N/A
1‽Amistad‽tt0118607‽Steven Spielberg‽Drama, History‽English, Mende, Spanish, Portuguese‽7.3‽155 min‽N/A
2‽Amistad‽tt0118607‽Steven Spielberg‽Drama, History‽English, Mende, Spanish, Portuguese‽7.3‽155 min‽N/A
0‽On Guard‽tt0118756‽Philippe de Broca‽Drama, Adventure‽French, Italian‽7‽128 min‽N/A
1‽On Guard‽tt0118756‽Philippe de Broca‽Drama, Adventure‽French, Italian‽7‽128 min‽N/A
2‽On Guard‽tt0118756‽Philippe de Broca‽Drama, Adventure‽French, Italian‽7‽128 min‽N/A
0‽Mysteries of Egypt‽tt0145921‽Bruce Neibaur‽Documentary, Drama, Family‽English‽6.6‽38 min‽N/A
1‽Mysteries of Egypt‽tt0145921‽Bruce Neibaur‽Documentary, Drama, Family‽English‽6.6‽38 min‽N/A
2‽Mysteries of Egypt‽tt0145921‽Bruce Neibaur‽Documentary, Drama, Family‽English‽6.6‽38 min‽N/A
0‽Scrapple‽tt0392753‽Jay Duplass, Mark Duplass‽Short, Comedy‽English‽5.8‽11 min‽N/A
0‽The Decline of Western Civilization Part III‽tt0138393‽Penelope Spheeris‽Documentary, Music‽English‽7.2‽86 min‽N/A
1‽The Decline of Western Civilization Part III‽tt0138393‽Penelope Spheeris‽Documentary, Music‽English‽7.2‽86 min‽N/A
2‽The Decline of Western Civilization Part III‽tt0138393‽Penelope Spheeris‽Documentary, Music‽English‽7.2‽86 min‽N/A
0‽The Well‽tt0044202‽Leo C. Popkin, Russell Rouse‽Drama, Film-Noir, Thriller‽English‽7.3‽86 min‽N/A
0‽All I Wanna Do‽tt0120692‽Sarah Kernochan‽Comedy‽English‽6.7‽97 min‽N/A
1‽All I Wanna Do‽tt0120692‽Sarah Kernochan‽Comedy‽English‽6.7‽97 min‽N/A
2‽All I Wanna Do‽tt0120692‽Sarah Kernochan‽Comedy‽English‽6.7‽97 min‽N/A
0‽Secret Defense‽tt0120665‽Jacques Rivette‽Crime, Drama‽French‽7.3‽170 min‽N/A
1‽Secret Defense‽tt0120665‽Jacques Rivette‽Crime, Drama‽French‽7.3‽170 min‽N/A
0‽The Day of the Beast‽tt0112922‽Álex de la Iglesia‽Action, Comedy, Crime‽Spanish, Italian‽7.5‽99 min‽N/A
1‽The Day of the Beast‽tt0112922‽Álex de la Iglesia‽Action, Comedy, Crime‽Spanish, Italian‽7.5‽99 min‽N/A
0‽Frogs for Snakes‽tt0120680‽Amos Poe‽Comedy, Crime, Thriller‽English‽4.3‽108 min‽N/A
1‽Frogs for Snakes‽tt0120680‽Amos Poe‽Comedy, Crime, Thriller‽English‽4.3‽108 min‽N/A
0‽Testamento‽tt0444918‽Uli Stelzner, Thomas Walther‽Documentary‽Spanish‽7.6‽97 min‽N/A
0‽Blood, Guts, Bullets and Octane‽tt0163984‽Joe Carnahan‽Action, Comedy, Crime‽English‽5.5‽87 min‽N/A
1‽Blood, Guts, Bullets and Octane‽tt0163984‽Joe Carnahan‽Action, Comedy, Crime‽English‽5.5‽87 min‽N/A
0‽Six-String Samurai‽tt0118736‽Lance Mungia‽Action, Adventure, Comedy‽English‽6.7‽91 min‽N/A
1‽Six-String Samurai‽tt0118736‽Lance Mungia‽Action, Adventure, Comedy‽English‽6.7‽91 min‽N/A
0‽Mary Jane's Not a Virgin Anymore‽tt0117001‽Sarah Jacobson‽Drama, Romance‽English‽6.4‽98 min‽N/A
1‽Mary Jane's Not a Virgin Anymore‽tt0117001‽Sarah Jacobson‽Drama, Romance‽English‽6.4‽98 min‽N/A
0‽Port Djema‽tt0119920‽Éric Heumann‽Drama‽French‽6.1‽95 min‽N/A
0‽Down in the Delta‽tt0142231‽Maya Angelou‽Drama‽English‽6.8‽112 min‽N/A
1‽Down in the Delta‽tt0142231‽Maya Angelou‽Drama‽English‽6.8‽112 min‽N/A
0‽The Faculty‽tt0133751‽Robert Rodriguez‽Horror, Sci-Fi‽English‽6.5‽104 min‽N/A
1‽The Faculty‽tt0133751‽Robert Rodriguez‽Horror, Sci-Fi‽English‽6.5‽104 min‽N/A
2‽The Faculty‽tt0133751‽Robert Rodriguez‽Horror, Sci-Fi‽English‽6.5‽104 min‽N/A
0‽Mighty Joe Young‽tt0120751‽Ron Underwood‽Action, Adventure, Family, Fantasy, Thriller‽English, Swahili‽5.6‽114 min‽N/A
1‽Mighty Joe Young‽tt0120751‽Ron Underwood‽Action, Adventure, Family, Fantasy, Thriller‽English, Swahili‽5.6‽114 min‽N/A
2‽Mighty Joe Young‽tt0120751‽Ron Underwood‽Action, Adventure, Family, Fantasy, Thriller‽English, Swahili‽5.6‽114 min‽N/A
0‽Hurlyburly‽tt0119336‽Anthony Drazan‽Comedy, Drama‽English‽5.8‽122 min‽N/A
1‽Hurlyburly‽tt0119336‽Anthony Drazan‽Comedy, Drama‽English‽5.8‽122 min‽N/A
0‽Zombie! vs. Mardi Gras‽tt0217904‽Karl DeMolay, Will Frank, Mike Lyddon‽Horror‽English‽4.3‽72 min‽N/A
1‽Zombie! vs. Mardi Gras‽tt0217904‽Karl DeMolay, Will Frank, Mike Lyddon‽Horror‽English‽4.3‽72 min‽N/A
2‽Zombie! vs. Mardi Gras‽tt0217904‽Karl DeMolay, Will Frank, Mike Lyddon‽Horror‽English‽4.3‽72 min‽N/A
0‽Galapagos‽tt0163639‽David Clark, Al Giddings‽Documentary, Short‽English‽7.1‽39 min‽$17,938,111
1‽Galapagos‽tt0163639‽David Clark, Al Giddings‽Documentary, Short‽English‽7.1‽39 min‽$17,938,111
0‽Pariah‽tt1233334‽Dee Rees‽Drama‽English‽7.2‽86 min‽$758,099
1‽Pariah‽tt1233334‽Dee Rees‽Drama‽English‽7.2‽86 min‽$758,099
2‽Pariah‽tt1233334‽Dee Rees‽Drama‽English‽7.2‽86 min‽$758,099
0‽The Talented Mr. Ripley‽tt0134119‽Anthony Minghella‽Crime, Drama, Thriller‽English, Italian‽7.4‽139 min‽N/A
1‽The Talented Mr. Ripley‽tt0134119‽Anthony Minghella‽Crime, Drama, Thriller‽English, Italian‽7.4‽139 min‽N/A
2‽The Talented Mr. Ripley‽tt0134119‽Anthony Minghella‽Crime, Drama, Thriller‽English, Italian‽7.4‽139 min‽N/A
0‽Galaxy Quest‽tt0177789‽Dean Parisot‽Adventure, Comedy, Sci-Fi‽English‽7.3‽102 min‽N/A
1‽Galaxy Quest‽tt0177789‽Dean Parisot‽Adventure, Comedy, Sci-Fi‽English‽7.3‽102 min‽N/A
2‽Galaxy Quest‽tt0177789‽Dean Parisot‽Adventure, Comedy, Sci-Fi‽English‽7.3‽102 min‽N/A
0‽Any Given Sunday‽tt0146838‽Oliver Stone‽Drama, Sport‽English‽6.9‽162 min‽N/A
1‽Any Given Sunday‽tt0146838‽Oliver Stone‽Drama, Sport‽English‽6.9‽162 min‽N/A
2‽Any Given Sunday‽tt0146838‽Oliver Stone‽Drama, Sport‽English‽6.9‽162 min‽N/A
0‽Man on the Moon‽tt0125664‽Milos Forman‽Biography, Comedy, Drama‽English‽7.4‽118 min‽N/A
1‽Man on the Moon‽tt0125664‽Milos Forman‽Biography, Comedy, Drama‽English‽7.4‽118 min‽N/A
2‽Man on the Moon‽tt0125664‽Milos Forman‽Biography, Comedy, Drama‽English‽7.4‽118 min‽N/A
0‽Stuart Little‽tt0164912‽Rob Minkoff‽Adventure, Comedy, Family‽English, Dutch‽5.9‽84 min‽N/A
1‽Stuart Little‽tt0164912‽Rob Minkoff‽Adventure, Comedy, Family‽English, Dutch‽5.9‽84 min‽N/A
2‽Stuart Little‽tt0164912‽Rob Minkoff‽Adventure, Comedy, Family‽English, Dutch‽5.9‽84 min‽N/A
0‽Bicentennial Man‽tt0182789‽Chris Columbus‽Comedy, Drama, Sci-Fi‽English‽6.9‽132 min‽N/A
1‽Bicentennial Man‽tt0182789‽Chris Columbus‽Comedy, Drama, Sci-Fi‽English‽6.9‽132 min‽N/A
2‽Bicentennial Man‽tt0182789‽Chris Columbus‽Comedy, Drama, Sci-Fi‽English‽6.9‽132 min‽N/A
0‽Anna and the King‽tt0166485‽Andy Tennant‽Drama, History, Romance‽English, Thai, French‽6.7‽148 min‽N/A
1‽Anna and the King‽tt0166485‽Andy Tennant‽Drama, History, Romance‽English, Thai, French‽6.7‽148 min‽N/A
2‽Anna and the King‽tt0166485‽Andy Tennant‽Drama, History, Romance‽English, Thai, French‽6.7‽148 min‽N/A
0‽Deuce Bigalow: Male Gigolo‽tt0205000‽Mike Mitchell‽Comedy, Romance‽English‽5.7‽88 min‽N/A
1‽Deuce Bigalow: Male Gigolo‽tt0205000‽Mike Mitchell‽Comedy, Romance‽English‽5.7‽88 min‽N/A
2‽Deuce Bigalow: Male Gigolo‽tt0205000‽Mike Mitchell‽Comedy, Romance‽English‽5.7‽88 min‽N/A
0‽The Green Mile‽tt0120689‽Frank Darabont‽Crime, Drama, Fantasy, Mystery‽English, French‽8.5‽189 min‽N/A
1‽The Green Mile‽tt0120689‽Frank Darabont‽Crime, Drama, Fantasy, Mystery‽English, French‽8.5‽189 min‽N/A
2‽The Green Mile‽tt0120689‽Frank Darabont‽Crime, Drama, Fantasy, Mystery‽English, French‽8.5‽189 min‽N/A
0‽Toy Story 2‽tt0120363‽John Lasseter, Ash Brannon(co-director), Lee Unkrich(co-director)‽Animation, Adventure, Comedy‽English, Arabic, Spanish‽7.9‽92 min‽N/A
1‽Toy Story 2‽tt0120363‽John Lasseter, Ash Brannon(co-director), Lee Unkrich(co-director)‽Animation, Adventure, Comedy‽English, Arabic, Spanish‽7.9‽92 min‽N/A
2‽Toy Story 2‽tt0120363‽John Lasseter, Ash Brannon(co-director), Lee Unkrich(co-director)‽Animation, Adventure, Comedy‽English, Arabic, Spanish‽7.9‽92 min‽N/A
0‽Flawless‽tt0780516‽Michael Radford‽Crime, Drama, Thriller‽English‽6.8‽108 min‽$1,146,525
1‽Flawless‽tt0780516‽Michael Radford‽Crime, Drama, Thriller‽English‽6.8‽108 min‽$1,146,525
2‽Flawless‽tt0780516‽Michael Radford‽Crime, Drama, Thriller‽English‽6.8‽108 min‽$1,146,525
0‽End of Days‽tt0146675‽Peter Hyams‽Action, Fantasy, Horror‽English, Latin‽5.7‽122 min‽N/A
1‽End of Days‽tt0146675‽Peter Hyams‽Action, Fantasy, Horror‽English, Latin‽5.7‽122 min‽N/A
2‽End of Days‽tt0146675‽Peter Hyams‽Action, Fantasy, Horror‽English, Latin‽5.7‽122 min‽N/A
0‽A Force More Powerful‽tt0221186‽Steve York‽Documentary‽English‽7.9‽110 min‽N/A
0‽Sleepy Hollow‽tt0162661‽Tim Burton‽Fantasy, Horror, Mystery‽English, Latin‽7.4‽105 min‽N/A
1‽Sleepy Hollow‽tt0162661‽Tim Burton‽Fantasy, Horror, Mystery‽English, Latin‽7.4‽105 min‽N/A
2‽Sleepy Hollow‽tt0162661‽Tim Burton‽Fantasy, Horror, Mystery‽English, Latin‽7.4‽105 min‽N/A
0‽The World Is Not Enough‽tt0143145‽Michael Apted‽Action, Adventure, Thriller‽English, Russian, Spanish‽6.4‽128 min‽N/A
1‽The World Is Not Enough‽tt0143145‽Michael Apted‽Action, Adventure, Thriller‽English, Russian, Spanish‽6.4‽128 min‽N/A
2‽The World Is Not Enough‽tt0143145‽Michael Apted‽Action, Adventure, Thriller‽English, Russian, Spanish‽6.4‽128 min‽N/A
0‽Mansfield Park‽tt0178737‽Patricia Rozema‽Comedy, Drama, Romance‽English‽7.1‽112 min‽N/A
1‽Mansfield Park‽tt0178737‽Patricia Rozema‽Comedy, Drama, Romance‽English‽7.1‽112 min‽N/A
2‽Mansfield Park‽tt0178737‽Patricia Rozema‽Comedy, Drama, Romance‽English‽7.1‽112 min‽N/A
0‽Liberty Heights‽tt0165859‽Barry Levinson‽Drama, Music, Romance‽English, German, Yiddish‽7.1‽127 min‽N/A
1‽Liberty Heights‽tt0165859‽Barry Levinson‽Drama, Music, Romance‽English, German, Yiddish‽7.1‽127 min‽N/A
2‽Liberty Heights‽tt0165859‽Barry Levinson‽Drama, Music, Romance‽English, German, Yiddish‽7.1‽127 min‽N/A
